{"type": "block", "layer": 0, "block": 0, "features": [{"geom": {"pts": [[-11.662561101285974, 65.83703847498509, 0.0]], "rotateX": 0, "rotateY": 0, "rotateZ": 0, "scale": 10}, "model": 0}, {"geom": {"pts": [[-40.25464638185076, 178.70053300353356, 0.0]], "rotateX": 0, "rotateY": 0, "rotateZ": 0, "scale": 10}, "model": 0}, {"geom": {"pts": [[86.1524674901193, 90.6670072712659, 0.0]], "rotateX": 0, "rotateY": 0, "rotateZ": 0, "scale": 10}, "model": 0}, {"geom": {"pts": [[-48.53130264727952, 34.235260006993485, 0.0]], "rotateX": 0, "rotateY": 0, "rotateZ": 0, "scale": 10}, "model": 0}], "featureCount": 4, "startIndex": 0}